{
  "experiment_name": "e0003_dinov3_large_frozen",
  "description": "DINOv3-large with frozen backbone",
  "best_val_acc": 99.08,
  "total_params": 303659530,
  "trainable_params": 529930,
  "total_time_minutes": 104.01782261666668,
  "config": {
    "num_epochs": 5,
    "learning_rate": 0.001,
    "batch_size": 256,
    "optimizer": "Adam"
  },
  "metrics": {
    "train_loss": [
      0.09500260508799811,
      0.02457787483700133,
      0.019146816351816857,
      0.01571941276126047,
      0.013769264826230344
    ],
    "train_acc": [
      98.184,
      99.246,
      99.368,
      99.516,
      99.562
    ],
    "val_loss": [
      0.036206385755940575,
      0.032321717127342706,
      0.032931975213432454,
      0.03430328048852971,
      0.0368534417822957
    ],
    "val_acc": [
      98.94,
      99.07,
      99.08,
      99.03,
      98.95
    ],
    "epoch_times": [
      1248.266681432724,
      1248.1469941139221,
      1248.1025350093842,
      1248.7471072673798,
      1247.8027625083923
    ]
  }
}