{
  "experiment_name": "e0004a_dinov3_large_head_only",
  "description": "DINOv3-large - train head only",
  "best_val_acc": 98.97,
  "total_params": 303659530,
  "trainable_params": 529930,
  "total_time_minutes": 104.06802476666667,
  "config": {
    "num_epochs": 5,
    "learning_rate": 0.001,
    "batch_size": 256,
    "optimizer": "Adam"
  },
  "metrics": {
    "train_loss": [
      0.09333845050482802,
      0.02433527683677646,
      0.018859192037631815,
      0.016605462810637583,
      0.013130153281072497
    ],
    "train_acc": [
      98.328,
      99.266,
      99.404,
      99.488,
      99.604
    ],
    "val_loss": [
      0.03465703607071191,
      0.03641657594998833,
      0.0360433949099388,
      0.038929002639633836,
      0.03876492524141213
    ],
    "val_acc": [
      98.96,
      98.95,
      98.97,
      98.89,
      98.91
    ],
    "epoch_times": [
      1249.2202169895172,
      1249.2086980342865,
      1248.5719561576843,
      1248.7005245685577,
      1248.3768095970154
    ]
  }
}