{
  "experiment_name": "e0001_baseline_cnn",
  "description": "Baseline CNN trained from scratch on CIFAR-10",
  "best_val_acc": 72.52,
  "total_params": 3249994,
  "trainable_params": 3249994,
  "total_time_minutes": 2.57101165,
  "config": {
    "num_epochs": 5,
    "learning_rate": 0.001,
    "batch_size": 128,
    "optimizer": "Adam"
  },
  "metrics": {
    "train_loss": [
      1.6360965604367463,
      1.1867528088257442,
      0.9967470719381366,
      0.8838892141571435,
      0.7935456141943822
    ],
    "train_acc": [
      39.444,
      57.198,
      64.804,
      69.006,
      72.618
    ],
    "val_loss": [
      1.412596210648742,
      0.9634628386437138,
      0.9769693862033796,
      1.0193892008141627,
      0.8041188226470465
    ],
    "val_acc": [
      51.26,
      64.54,
      66.13,
      65.84,
      72.52
    ],
    "epoch_times": [
      32.72566795349121,
      30.30407476425171,
      30.352558374404907,
      30.22226119041443,
      30.655444145202637
    ]
  }
}