{
  "experiment_name": "e0004b_dinov3_large_partial_ft",
  "description": "DINOv3-large - unfreeze last 4 layers",
  "best_val_acc": 99.32,
  "total_params": 303659530,
  "trainable_params": 50918922,
  "total_time_minutes": 125.3677725,
  "config": {
    "num_epochs": 5,
    "learning_rate": 0.0001,
    "batch_size": 256,
    "optimizer": "Adam"
  },
  "metrics": {
    "train_loss": [
      0.01730414408844734,
      0.008748531421811001,
      0.006225702435233183,
      0.005291730534355913,
      0.0032148223756069327
    ],
    "train_acc": [
      99.454,
      99.718,
      99.814,
      99.856,
      99.892
    ],
    "val_loss": [
      0.03499884426128119,
      0.03757389589518425,
      0.04779082116729114,
      0.03983753515640274,
      0.035701941363004155
    ],
    "val_acc": [
      99.14,
      99.24,
      99.05,
      99.18,
      99.32
    ],
    "epoch_times": [
      1503.750780582428,
      1504.994860649109,
      1505.028673171997,
      1504.211464881897,
      1504.077109336853
    ]
  }
}