{
  "experiment_name": "e0002_dinov3_base_frozen",
  "description": "DINOv3-base with frozen backbone",
  "best_val_acc": 97.99,
  "total_params": 86059274,
  "trainable_params": 398858,
  "total_time_minutes": 38.11028225,
  "config": {
    "num_epochs": 5,
    "learning_rate": 0.001,
    "batch_size": 256,
    "optimizer": "Adam"
  },
  "metrics": {
    "train_loss": [
      0.1456166280775654,
      0.06019976101245503,
      0.05118276556592663,
      0.0439464359672512,
      0.03899875298446538
    ],
    "train_acc": [
      96.43,
      98.07,
      98.232,
      98.55,
      98.68
    ],
    "val_loss": [
      0.06441869051195681,
      0.0641404296271503,
      0.061092246789485216,
      0.06263609698507935,
      0.06147359781898558
    ],
    "val_acc": [
      97.94,
      97.97,
      97.95,
      97.81,
      97.99
    ],
    "epoch_times": [
      456.84982419013977,
      457.4292597770691,
      457.7268602848053,
      457.25647926330566,
      457.3525879383087
    ]
  }
}